review,label
Smooth performance and good results,genuine
This is a fake review buy now,fake
Product is durable and value for money,genuine
Hurry up limited stock cheap deal,fake
Product quality is good for daily use,genuine
Best offer fake review buy fast,fake
Amazing product buy now discount,fake
Free delivery cheap offer now,fake
Best offer fake review buy fast,fake
Good quality and reliable performance,genuine
Worth the price and easy to use,genuine
Good quality and reliable performance,genuine
Product is durable and value for money,genuine
This is a fake review buy now,fake
Product quality is good for daily use,genuine
Amazing product buy now discount,fake
Product quality is good for daily use,genuine
Best offer fake review buy fast,fake
Overall a good and reliable product,genuine
Product quality is good for daily use,genuine
Free delivery cheap offer now,fake
Satisfied with the purchase and delivery,genuine
Product is durable and value for money,genuine
Very useful and works as described,genuine
Overall a good and reliable product,genuine
This is a fake review buy now,fake
Hurry up limited stock cheap deal,fake
Product is durable and value for money,genuine
Free delivery cheap offer now,fake
Hurry up limited stock cheap deal,fake
Satisfied with the purchase and delivery,genuine
Limited time offer buy fast,fake
Hurry up limited stock cheap deal,fake
Limited time offer buy fast,fake
Amazing product buy now discount,fake
Worth the price and easy to use,genuine
This is a fake review buy now,fake
Very useful and works as described,genuine
Spam review buy now best deal,fake
Very useful and works as described,genuine
Worth the price and easy to use,genuine
Buy now cheap offer best product,fake
Buy now cheap offer best product,fake
Limited time offer buy fast,fake
Smooth performance and good results,genuine
Cheap price free delivery offer,fake
This product works well and meets expectations,genuine
Overall a good and reliable product,genuine
Very useful and works as described,genuine
Worth the price and easy to use,genuine
Smooth performance and good results,genuine
Best product ever buy now,fake
Good quality and reliable performance,genuine
Spam review buy now best deal,fake
This product works well and meets expectations,genuine
Product quality is good for daily use,genuine
Very useful and works as described,genuine
Spam review buy now best deal,fake
Happy with the build quality and performance,genuine
Best product ever buy now,fake
This product works well and meets expectations,genuine
Best offer fake review buy fast,fake
Buy now cheap offer best product,fake
Satisfied with the purchase and delivery,genuine
Worth the price and easy to use,genuine
Satisfied with the purchase and delivery,genuine
Buy now cheap offer best product,fake
Free delivery cheap offer now,fake
Very useful and works as described,genuine
This product works well and meets expectations,genuine
Overall a good and reliable product,genuine
Worth the price and easy to use,genuine
Best product ever buy now,fake
Overall a good and reliable product,genuine
Good quality and reliable performance,genuine
This is a fake review buy now,fake
Best offer fake review buy fast,fake
Cheap price free delivery offer,fake
Limited time offer buy fast,fake
Overall a good and reliable product,genuine
This is a fake review buy now,fake
Product is durable and value for money,genuine
Spam review buy now best deal,fake
Overall a good and reliable product,genuine
Overall a good and reliable product,genuine
Worth the price and easy to use,genuine
Amazing product buy now discount,fake
Smooth performance and good results,genuine
Product quality is good for daily use,genuine
This is a fake review buy now,fake
Best product ever buy now,fake
Spam review buy now best deal,fake
Satisfied with the purchase and delivery,genuine
Free delivery cheap offer now,fake
Product quality is good for daily use,genuine
Spam review buy now best deal,fake
Overall a good and reliable product,genuine
Overall a good and reliable product,genuine
Best product ever buy now,fake
Spam review buy now best deal,fake
Good quality and reliable performance,genuine
Best product ever buy now,fake
Hurry up limited stock cheap deal,fake
Hurry up limited stock cheap deal,fake
Overall a good and reliable product,genuine
Good quality and reliable performance,genuine
This product works well and meets expectations,genuine
Spam review buy now best deal,fake
Hurry up limited stock cheap deal,fake
Hurry up limited stock cheap deal,fake
Spam review buy now best deal,fake
Product is durable and value for money,genuine
Cheap price free delivery offer,fake
Product quality is good for daily use,genuine
Hurry up limited stock cheap deal,fake
Best offer fake review buy fast,fake
Free delivery cheap offer now,fake
Hurry up limited stock cheap deal,fake
Cheap price free delivery offer,fake
Cheap price free delivery offer,fake
Very useful and works as described,genuine
Hurry up limited stock cheap deal,fake
Spam review buy now best deal,fake
Best product ever buy now,fake
Product is durable and value for money,genuine
Buy now cheap offer best product,fake
Product quality is good for daily use,genuine
Product is durable and value for money,genuine
This is a fake review buy now,fake
Good quality and reliable performance,genuine
This product works well and meets expectations,genuine
Worth the price and easy to use,genuine
Satisfied with the purchase and delivery,genuine
Best offer fake review buy fast,fake
Worth the price and easy to use,genuine
This is a fake review buy now,fake
Smooth performance and good results,genuine
Very useful and works as described,genuine
Amazing product buy now discount,fake
This product works well and meets expectations,genuine
Satisfied with the purchase and delivery,genuine
Amazing product buy now discount,fake
Hurry up limited stock cheap deal,fake
Cheap price free delivery offer,fake
Product quality is good for daily use,genuine
Best product ever buy now,fake
Spam review buy now best deal,fake
Amazing product buy now discount,fake
This is a fake review buy now,fake
Product is durable and value for money,genuine
Free delivery cheap offer now,fake
Amazing product buy now discount,fake
Product quality is good for daily use,genuine
Best product ever buy now,fake
Cheap price free delivery offer,fake
Free delivery cheap offer now,fake
Product quality is good for daily use,genuine
Good quality and reliable performance,genuine
Hurry up limited stock cheap deal,fake
Very useful and works as described,genuine
Worth the price and easy to use,genuine
Best offer fake review buy fast,fake
Cheap price free delivery offer,fake
Hurry up limited stock cheap deal,fake
This is a fake review buy now,fake
Worth the price and easy to use,genuine
This is a fake review buy now,fake
Satisfied with the purchase and delivery,genuine
Smooth performance and good results,genuine
This product works well and meets expectations,genuine
Product is durable and value for money,genuine
Amazing product buy now discount,fake
Overall a good and reliable product,genuine
Free delivery cheap offer now,fake
Buy now cheap offer best product,fake
Free delivery cheap offer now,fake
Worth the price and easy to use,genuine
This is a fake review buy now,fake
Smooth performance and good results,genuine
Buy now cheap offer best product,fake
Product quality is good for daily use,genuine
Best product ever buy now,fake
Free delivery cheap offer now,fake
Very useful and works as described,genuine
Free delivery cheap offer now,fake
Smooth performance and good results,genuine
Overall a good and reliable product,genuine
Very useful and works as described,genuine
Spam review buy now best deal,fake
Hurry up limited stock cheap deal,fake
Amazing product buy now discount,fake
Best product ever buy now,fake
This is a fake review buy now,fake
Happy with the build quality and performance,genuine
Limited time offer buy fast,fake
This product works well and meets expectations,genuine
Satisfied with the purchase and delivery,genuine
Product is durable and value for money,genuine
Product quality is good for daily use,genuine
This is a fake review buy now,fake
Limited time offer buy fast,fake
Limited time offer buy fast,fake
Amazing product buy now discount,fake
Satisfied with the purchase and delivery,genuine
Smooth performance and good results,genuine
Smooth performance and good results,genuine
Very useful and works as described,genuine
Cheap price free delivery offer,fake
This product works well and meets expectations,genuine
Free delivery cheap offer now,fake
Best product ever buy now,fake
Good quality and reliable performance,genuine
Free delivery cheap offer now,fake
Hurry up limited stock cheap deal,fake
This product works well and meets expectations,genuine
Happy with the build quality and performance,genuine
Product is durable and value for money,genuine
Product is durable and value for money,genuine
Best product ever buy now,fake
Smooth performance and good results,genuine
Product quality is good for daily use,genuine
Buy now cheap offer best product,fake
Limited time offer buy fast,fake
Amazing product buy now discount,fake
Good quality and reliable performance,genuine
This product works well and meets expectations,genuine
This is a fake review buy now,fake
This product works well and meets expectations,genuine
Free delivery cheap offer now,fake
Smooth performance and good results,genuine
Best offer fake review buy fast,fake
Best product ever buy now,fake
Amazing product buy now discount,fake
Amazing product buy now discount,fake
Good quality and reliable performance,genuine
Cheap price free delivery offer,fake
Spam review buy now best deal,fake
Very useful and works as described,genuine
Very useful and works as described,genuine
Very useful and works as described,genuine
Product quality is good for daily use,genuine
This product works well and meets expectations,genuine
Worth the price and easy to use,genuine
Satisfied with the purchase and delivery,genuine
Happy with the build quality and performance,genuine
Best product ever buy now,fake
Hurry up limited stock cheap deal,fake
Smooth performance and good results,genuine
Limited time offer buy fast,fake
Smooth performance and good results,genuine
Cheap price free delivery offer,fake
Best product ever buy now,fake
Best offer fake review buy fast,fake
This product works well and meets expectations,genuine
Very useful and works as described,genuine
Best product ever buy now,fake
Spam review buy now best deal,fake
Happy with the build quality and performance,genuine
Best product ever buy now,fake
Worth the price and easy to use,genuine
Spam review buy now best deal,fake
Worth the price and easy to use,genuine
Smooth performance and good results,genuine
Good quality and reliable performance,genuine
Satisfied with the purchase and delivery,genuine
Good quality and reliable performance,genuine
Limited time offer buy fast,fake
Free delivery cheap offer now,fake
This is a fake review buy now,fake
Cheap price free delivery offer,fake
Overall a good and reliable product,genuine
Best offer fake review buy fast,fake
Free delivery cheap offer now,fake
Limited time offer buy fast,fake
Spam review buy now best deal,fake
This product works well and meets expectations,genuine
Very useful and works as described,genuine
Spam review buy now best deal,fake
Product is durable and value for money,genuine
Best product ever buy now,fake
Hurry up limited stock cheap deal,fake
Overall a good and reliable product,genuine
This product works well and meets expectations,genuine
Product quality is good for daily use,genuine
Product is durable and value for money,genuine
Buy now cheap offer best product,fake
Limited time offer buy fast,fake
Product quality is good for daily use,genuine
Smooth performance and good results,genuine
Amazing product buy now discount,fake
Spam review buy now best deal,fake
Satisfied with the purchase and delivery,genuine
Hurry up limited stock cheap deal,fake
Product quality is good for daily use,genuine
Good quality and reliable performance,genuine
This product works well and meets expectations,genuine
Satisfied with the purchase and delivery,genuine
Best product ever buy now,fake
Limited time offer buy fast,fake
Free delivery cheap offer now,fake
Smooth performance and good results,genuine
Satisfied with the purchase and delivery,genuine
Cheap price free delivery offer,fake
This is a fake review buy now,fake
Good quality and reliable performance,genuine
Free delivery cheap offer now,fake
Good quality and reliable performance,genuine
Product is durable and value for money,genuine
Amazing product buy now discount,fake
Best offer fake review buy fast,fake
Hurry up limited stock cheap deal,fake
This product works well and meets expectations,genuine
Limited time offer buy fast,fake
Spam review buy now best deal,fake
Limited time offer buy fast,fake
Free delivery cheap offer now,fake
Amazing product buy now discount,fake
This product works well and meets expectations,genuine
This product works well and meets expectations,genuine
Product is durable and value for money,genuine
Product quality is good for daily use,genuine
Good quality and reliable performance,genuine
Smooth performance and good results,genuine
This is a fake review buy now,fake
Amazing product buy now discount,fake
Free delivery cheap offer now,fake
Worth the price and easy to use,genuine
Product is durable and value for money,genuine
Product quality is good for daily use,genuine
Good quality and reliable performance,genuine
Cheap price free delivery offer,fake
Amazing product buy now discount,fake
Product quality is good for daily use,genuine
This is a fake review buy now,fake
Spam review buy now best deal,fake
Buy now cheap offer best product,fake
Spam review buy now best deal,fake
This is a fake review buy now,fake
Overall a good and reliable product,genuine
Smooth performance and good results,genuine
Worth the price and easy to use,genuine
This product works well and meets expectations,genuine
Limited time offer buy fast,fake
Happy with the build quality and performance,genuine
Happy with the build quality and performance,genuine
Spam review buy now best deal,fake
Product quality is good for daily use,genuine
Smooth performance and good results,genuine
Happy with the build quality and performance,genuine
Product quality is good for daily use,genuine
Very useful and works as described,genuine
Limited time offer buy fast,fake
Satisfied with the purchase and delivery,genuine
Hurry up limited stock cheap deal,fake
Best product ever buy now,fake
Amazing product buy now discount,fake
Overall a good and reliable product,genuine
Happy with the build quality and performance,genuine
Satisfied with the purchase and delivery,genuine
This product works well and meets expectations,genuine
This is a fake review buy now,fake
This product works well and meets expectations,genuine
Spam review buy now best deal,fake
Overall a good and reliable product,genuine
Good quality and reliable performance,genuine
Spam review buy now best deal,fake
Buy now cheap offer best product,fake
Hurry up limited stock cheap deal,fake
Spam review buy now best deal,fake
Cheap price free delivery offer,fake
Worth the price and easy to use,genuine
Good quality and reliable performance,genuine
This product works well and meets expectations,genuine
Smooth performance and good results,genuine
This is a fake review buy now,fake
Product quality is good for daily use,genuine
Spam review buy now best deal,fake
Spam review buy now best deal,fake
Smooth performance and good results,genuine
Cheap price free delivery offer,fake
Product is durable and value for money,genuine
Free delivery cheap offer now,fake
Worth the price and easy to use,genuine
Satisfied with the purchase and delivery,genuine
Best product ever buy now,fake
Buy now cheap offer best product,fake
Spam review buy now best deal,fake
Best offer fake review buy fast,fake
Smooth performance and good results,genuine
Satisfied with the purchase and delivery,genuine
Cheap price free delivery offer,fake
Worth the price and easy to use,genuine
Free delivery cheap offer now,fake
Amazing product buy now discount,fake
Worth the price and easy to use,genuine
Buy now cheap offer best product,fake
Happy with the build quality and performance,genuine
Happy with the build quality and performance,genuine
Best product ever buy now,fake
Limited time offer buy fast,fake
Smooth performance and good results,genuine
Overall a good and reliable product,genuine
Spam review buy now best deal,fake
Hurry up limited stock cheap deal,fake
Limited time offer buy fast,fake
Satisfied with the purchase and delivery,genuine
Overall a good and reliable product,genuine
Amazing product buy now discount,fake
Worth the price and easy to use,genuine
Smooth performance and good results,genuine
Overall a good and reliable product,genuine
This product works well and meets expectations,genuine
Very useful and works as described,genuine
This product works well and meets expectations,genuine
Product quality is good for daily use,genuine
Free delivery cheap offer now,fake
Cheap price free delivery offer,fake
Product is durable and value for money,genuine
Cheap price free delivery offer,fake
Buy now cheap offer best product,fake
Spam review buy now best deal,fake
Best offer fake review buy fast,fake
Overall a good and reliable product,genuine
This is a fake review buy now,fake
Free delivery cheap offer now,fake
Satisfied with the purchase and delivery,genuine
Hurry up limited stock cheap deal,fake
Overall a good and reliable product,genuine
Happy with the build quality and performance,genuine
Best offer fake review buy fast,fake
Free delivery cheap offer now,fake
Good quality and reliable performance,genuine
Limited time offer buy fast,fake
Amazing product buy now discount,fake
Product is durable and value for money,genuine
Amazing product buy now discount,fake
Worth the price and easy to use,genuine
Satisfied with the purchase and delivery,genuine
Smooth performance and good results,genuine
Free delivery cheap offer now,fake
This is a fake review buy now,fake
Free delivery cheap offer now,fake
Free delivery cheap offer now,fake
Best product ever buy now,fake
Free delivery cheap offer now,fake
Smooth performance and good results,genuine
This product works well and meets expectations,genuine
Worth the price and easy to use,genuine
Buy now cheap offer best product,fake
Best product ever buy now,fake
Cheap price free delivery offer,fake
Hurry up limited stock cheap deal,fake
Product is durable and value for money,genuine
Amazing product buy now discount,fake
Very useful and works as described,genuine
Product quality is good for daily use,genuine
Overall a good and reliable product,genuine
Best offer fake review buy fast,fake
Buy now cheap offer best product,fake
Product is durable and value for money,genuine
Satisfied with the purchase and delivery,genuine
Overall a good and reliable product,genuine
Best product ever buy now,fake
This is a fake review buy now,fake
Hurry up limited stock cheap deal,fake
Smooth performance and good results,genuine
Hurry up limited stock cheap deal,fake
This product works well and meets expectations,genuine
Cheap price free delivery offer,fake
Very useful and works as described,genuine
Happy with the build quality and performance,genuine
Best offer fake review buy fast,fake
Amazing product buy now discount,fake
Best product ever buy now,fake
Satisfied with the purchase and delivery,genuine
This product works well and meets expectations,genuine
Worth the price and easy to use,genuine
This product works well and meets expectations,genuine
Satisfied with the purchase and delivery,genuine
Spam review buy now best deal,fake
Free delivery cheap offer now,fake
Product is durable and value for money,genuine
Smooth performance and good results,genuine
Very useful and works as described,genuine
Product is durable and value for money,genuine
This product works well and meets expectations,genuine
Cheap price free delivery offer,fake
Product quality is good for daily use,genuine
Spam review buy now best deal,fake
Good quality and reliable performance,genuine
Limited time offer buy fast,fake
Worth the price and easy to use,genuine
Amazing product buy now discount,fake
Product quality is good for daily use,genuine
Overall a good and reliable product,genuine
Happy with the build quality and performance,genuine
Hurry up limited stock cheap deal,fake
Happy with the build quality and performance,genuine
Buy now cheap offer best product,fake
Satisfied with the purchase and delivery,genuine
Hurry up limited stock cheap deal,fake
Best product ever buy now,fake
This product works well and meets expectations,genuine
Best product ever buy now,fake
Overall a good and reliable product,genuine
Happy with the build quality and performance,genuine
Buy now cheap offer best product,fake
Amazing product buy now discount,fake
This is a fake review buy now,fake
Buy now cheap offer best product,fake
Free delivery cheap offer now,fake
Good quality and reliable performance,genuine
Happy with the build quality and performance,genuine
Amazing product buy now discount,fake
Hurry up limited stock cheap deal,fake
Limited time offer buy fast,fake
Best offer fake review buy fast,fake
Amazing product buy now discount,fake
Overall a good and reliable product,genuine
Satisfied with the purchase and delivery,genuine
Happy with the build quality and performance,genuine
Happy with the build quality and performance,genuine
Limited time offer buy fast,fake
Product is durable and value for money,genuine
Best offer fake review buy fast,fake
Best offer fake review buy fast,fake
Overall a good and reliable product,genuine
Hurry up limited stock cheap deal,fake
Smooth performance and good results,genuine
Best offer fake review buy fast,fake
Satisfied with the purchase and delivery,genuine
Worth the price and easy to use,genuine
Satisfied with the purchase and delivery,genuine
Product quality is good for daily use,genuine
Free delivery cheap offer now,fake
Buy now cheap offer best product,fake
Free delivery cheap offer now,fake
Spam review buy now best deal,fake
Good quality and reliable performance,genuine
Very useful and works as described,genuine
Worth the price and easy to use,genuine
Happy with the build quality and performance,genuine
Spam review buy now best deal,fake
Best product ever buy now,fake
This is a fake review buy now,fake
Good quality and reliable performance,genuine
Best offer fake review buy fast,fake
Best product ever buy now,fake
This product works well and meets expectations,genuine
Product is durable and value for money,genuine
Limited time offer buy fast,fake
Hurry up limited stock cheap deal,fake
This product works well and meets expectations,genuine
Overall a good and reliable product,genuine
Happy with the build quality and performance,genuine
Buy now cheap offer best product,fake
Amazing product buy now discount,fake
Best offer fake review buy fast,fake
Spam review buy now best deal,fake
Best offer fake review buy fast,fake
Good quality and reliable performance,genuine
Very useful and works as described,genuine
Best offer fake review buy fast,fake
Best product ever buy now,fake
This is a fake review buy now,fake
This is a fake review buy now,fake
This product works well and meets expectations,genuine
Best offer fake review buy fast,fake
Overall a good and reliable product,genuine
Smooth performance and good results,genuine
Product is durable and value for money,genuine
Hurry up limited stock cheap deal,fake
Satisfied with the purchase and delivery,genuine
Good quality and reliable performance,genuine
Free delivery cheap offer now,fake
Overall a good and reliable product,genuine
Overall a good and reliable product,genuine
Limited time offer buy fast,fake
Best product ever buy now,fake
Best offer fake review buy fast,fake
Buy now cheap offer best product,fake
Amazing product buy now discount,fake
Limited time offer buy fast,fake
Overall a good and reliable product,genuine
This is a fake review buy now,fake
This product works well and meets expectations,genuine
Good quality and reliable performance,genuine
Cheap price free delivery offer,fake
Cheap price free delivery offer,fake
Overall a good and reliable product,genuine
Overall a good and reliable product,genuine
Smooth performance and good results,genuine
Very useful and works as described,genuine
Best product ever buy now,fake
This is a fake review buy now,fake
Free delivery cheap offer now,fake
This product works well and meets expectations,genuine
Happy with the build quality and performance,genuine
Worth the price and easy to use,genuine
Limited time offer buy fast,fake
Smooth performance and good results,genuine
Worth the price and easy to use,genuine
Free delivery cheap offer now,fake
Buy now cheap offer best product,fake
Amazing product buy now discount,fake
Free delivery cheap offer now,fake
Best offer fake review buy fast,fake
Very useful and works as described,genuine
Very useful and works as described,genuine
Product is durable and value for money,genuine
Product quality is good for daily use,genuine
Happy with the build quality and performance,genuine
Amazing product buy now discount,fake
Best product ever buy now,fake
Worth the price and easy to use,genuine
Free delivery cheap offer now,fake
Product quality is good for daily use,genuine
Best product ever buy now,fake
This product works well and meets expectations,genuine
Overall a good and reliable product,genuine
Product quality is good for daily use,genuine
Satisfied with the purchase and delivery,genuine
Satisfied with the purchase and delivery,genuine
Product is durable and value for money,genuine
Free delivery cheap offer now,fake
Buy now cheap offer best product,fake
Overall a good and reliable product,genuine
Happy with the build quality and performance,genuine
Free delivery cheap offer now,fake
Amazing product buy now discount,fake
Spam review buy now best deal,fake
Product quality is good for daily use,genuine
Overall a good and reliable product,genuine
Happy with the build quality and performance,genuine
Happy with the build quality and performance,genuine
Smooth performance and good results,genuine
This is a fake review buy now,fake
Best product ever buy now,fake
This product works well and meets expectations,genuine
This is a fake review buy now,fake
Free delivery cheap offer now,fake
Buy now cheap offer best product,fake
Best product ever buy now,fake
Product quality is good for daily use,genuine
Satisfied with the purchase and delivery,genuine
Overall a good and reliable product,genuine
This is a fake review buy now,fake
Product quality is good for daily use,genuine
Satisfied with the purchase and delivery,genuine
Buy now cheap offer best product,fake
Buy now cheap offer best product,fake
Product is durable and value for money,genuine
Very useful and works as described,genuine
Amazing product buy now discount,fake
Product quality is good for daily use,genuine
Product quality is good for daily use,genuine
Product is durable and value for money,genuine
Overall a good and reliable product,genuine
Overall a good and reliable product,genuine
This product works well and meets expectations,genuine
Hurry up limited stock cheap deal,fake
Best offer fake review buy fast,fake
Amazing product buy now discount,fake
Free delivery cheap offer now,fake
Limited time offer buy fast,fake
Product is durable and value for money,genuine
Overall a good and reliable product,genuine
Happy with the build quality and performance,genuine
Hurry up limited stock cheap deal,fake
Product is durable and value for money,genuine
Happy with the build quality and performance,genuine
Free delivery cheap offer now,fake
Smooth performance and good results,genuine
Happy with the build quality and performance,genuine
Worth the price and easy to use,genuine
Cheap price free delivery offer,fake
Amazing product buy now discount,fake
Spam review buy now best deal,fake
Happy with the build quality and performance,genuine
Smooth performance and good results,genuine
Product is durable and value for money,genuine
Good quality and reliable performance,genuine
Product is durable and value for money,genuine
Worth the price and easy to use,genuine
Best product ever buy now,fake
Buy now cheap offer best product,fake
Satisfied with the purchase and delivery,genuine
Worth the price and easy to use,genuine
Limited time offer buy fast,fake
Worth the price and easy to use,genuine
Product is durable and value for money,genuine
Happy with the build quality and performance,genuine
Buy now cheap offer best product,fake
Amazing product buy now discount,fake
Cheap price free delivery offer,fake
Overall a good and reliable product,genuine
Hurry up limited stock cheap deal,fake
This product works well and meets expectations,genuine
Smooth performance and good results,genuine
Very useful and works as described,genuine
Good quality and reliable performance,genuine
Best offer fake review buy fast,fake
Hurry up limited stock cheap deal,fake
Smooth performance and good results,genuine
This is a fake review buy now,fake
Amazing product buy now discount,fake
Amazing product buy now discount,fake
Best offer fake review buy fast,fake
This product works well and meets expectations,genuine
Good quality and reliable performance,genuine
Worth the price and easy to use,genuine
Amazing product buy now discount,fake
Smooth performance and good results,genuine
Overall a good and reliable product,genuine
Limited time offer buy fast,fake
Best offer fake review buy fast,fake
Amazing product buy now discount,fake
Very useful and works as described,genuine
Best offer fake review buy fast,fake
Product is durable and value for money,genuine
This is a fake review buy now,fake
Cheap price free delivery offer,fake
Cheap price free delivery offer,fake
This product works well and meets expectations,genuine
Buy now cheap offer best product,fake
Buy now cheap offer best product,fake
Worth the price and easy to use,genuine
Free delivery cheap offer now,fake
Good quality and reliable performance,genuine
Overall a good and reliable product,genuine
Worth the price and easy to use,genuine
Satisfied with the purchase and delivery,genuine
Product quality is good for daily use,genuine
Best product ever buy now,fake
Best offer fake review buy fast,fake
This is a fake review buy now,fake
Product is durable and value for money,genuine
Worth the price and easy to use,genuine
This is a fake review buy now,fake
Good quality and reliable performance,genuine
Hurry up limited stock cheap deal,fake
This is a fake review buy now,fake
This product works well and meets expectations,genuine
This product works well and meets expectations,genuine
Overall a good and reliable product,genuine
Best offer fake review buy fast,fake
Best offer fake review buy fast,fake
Best product ever buy now,fake
Cheap price free delivery offer,fake
This product works well and meets expectations,genuine
This is a fake review buy now,fake
Best product ever buy now,fake
Free delivery cheap offer now,fake
Smooth performance and good results,genuine
Worth the price and easy to use,genuine
Best offer fake review buy fast,fake
Hurry up limited stock cheap deal,fake
Overall a good and reliable product,genuine
Very useful and works as described,genuine
Spam review buy now best deal,fake
Good quality and reliable performance,genuine
Best product ever buy now,fake
Best product ever buy now,fake
Cheap price free delivery offer,fake
Amazing product buy now discount,fake
Product quality is good for daily use,genuine
Best product ever buy now,fake
Spam review buy now best deal,fake
Product quality is good for daily use,genuine
Free delivery cheap offer now,fake
Smooth performance and good results,genuine
Limited time offer buy fast,fake
Hurry up limited stock cheap deal,fake
Product is durable and value for money,genuine
Hurry up limited stock cheap deal,fake
Very useful and works as described,genuine
Hurry up limited stock cheap deal,fake
Amazing product buy now discount,fake
Best product ever buy now,fake
Satisfied with the purchase and delivery,genuine
Happy with the build quality and performance,genuine
Amazing product buy now discount,fake
Limited time offer buy fast,fake
Worth the price and easy to use,genuine
Hurry up limited stock cheap deal,fake
Amazing product buy now discount,fake
Amazing product buy now discount,fake
Buy now cheap offer best product,fake
This product works well and meets expectations,genuine
Smooth performance and good results,genuine
Satisfied with the purchase and delivery,genuine
Buy now cheap offer best product,fake
Happy with the build quality and performance,genuine
Product is durable and value for money,genuine
Best offer fake review buy fast,fake
Worth the price and easy to use,genuine
Limited time offer buy fast,fake
Best product ever buy now,fake
Happy with the build quality and performance,genuine
This is a fake review buy now,fake
Limited time offer buy fast,fake
Hurry up limited stock cheap deal,fake
Hurry up limited stock cheap deal,fake
Overall a good and reliable product,genuine
Hurry up limited stock cheap deal,fake
Very useful and works as described,genuine
Best offer fake review buy fast,fake
This is a fake review buy now,fake
Product is durable and value for money,genuine
Hurry up limited stock cheap deal,fake
This is a fake review buy now,fake
Happy with the build quality and performance,genuine
Product is durable and value for money,genuine
Hurry up limited stock cheap deal,fake
Free delivery cheap offer now,fake
Limited time offer buy fast,fake
Free delivery cheap offer now,fake
Happy with the build quality and performance,genuine
Amazing product buy now discount,fake
Amazing product buy now discount,fake
Cheap price free delivery offer,fake
Hurry up limited stock cheap deal,fake
Limited time offer buy fast,fake
This product works well and meets expectations,genuine
Amazing product buy now discount,fake
Hurry up limited stock cheap deal,fake
Happy with the build quality and performance,genuine
Smooth performance and good results,genuine
Very useful and works as described,genuine
Worth the price and easy to use,genuine
Overall a good and reliable product,genuine
Product is durable and value for money,genuine
This is a fake review buy now,fake
Good quality and reliable performance,genuine
Good quality and reliable performance,genuine
Good quality and reliable performance,genuine
Limited time offer buy fast,fake
Happy with the build quality and performance,genuine
Limited time offer buy fast,fake
This product works well and meets expectations,genuine
Product is durable and value for money,genuine
Smooth performance and good results,genuine
Hurry up limited stock cheap deal,fake
Best offer fake review buy fast,fake
Overall a good and reliable product,genuine
Best product ever buy now,fake
Free delivery cheap offer now,fake
Hurry up limited stock cheap deal,fake
Hurry up limited stock cheap deal,fake
Overall a good and reliable product,genuine
Limited time offer buy fast,fake
Very useful and works as described,genuine
This is a fake review buy now,fake
Happy with the build quality and performance,genuine
Best product ever buy now,fake
Satisfied with the purchase and delivery,genuine
Worth the price and easy to use,genuine
Best product ever buy now,fake
Satisfied with the purchase and delivery,genuine
Amazing product buy now discount,fake
Amazing product buy now discount,fake
Best product ever buy now,fake
Spam review buy now best deal,fake
Amazing product buy now discount,fake
Worth the price and easy to use,genuine
Limited time offer buy fast,fake
Best offer fake review buy fast,fake
This product works well and meets expectations,genuine
Spam review buy now best deal,fake
This product works well and meets expectations,genuine
Happy with the build quality and performance,genuine
Spam review buy now best deal,fake
Very useful and works as described,genuine
Buy now cheap offer best product,fake
Best product ever buy now,fake
Good quality and reliable performance,genuine
Smooth performance and good results,genuine
Cheap price free delivery offer,fake
Worth the price and easy to use,genuine
Good quality and reliable performance,genuine
Free delivery cheap offer now,fake
Hurry up limited stock cheap deal,fake
Satisfied with the purchase and delivery,genuine
Product is durable and value for money,genuine
Satisfied with the purchase and delivery,genuine
Amazing product buy now discount,fake
Smooth performance and good results,genuine
Worth the price and easy to use,genuine
Smooth performance and good results,genuine
Cheap price free delivery offer,fake
Product quality is good for daily use,genuine
Limited time offer buy fast,fake
Free delivery cheap offer now,fake
Overall a good and reliable product,genuine
Worth the price and easy to use,genuine
This is a fake review buy now,fake
Best product ever buy now,fake
Satisfied with the purchase and delivery,genuine
This product works well and meets expectations,genuine
Spam review buy now best deal,fake
Amazing product buy now discount,fake
Smooth performance and good results,genuine
Smooth performance and good results,genuine
Very useful and works as described,genuine
Smooth performance and good results,genuine
Very useful and works as described,genuine
Limited time offer buy fast,fake
Free delivery cheap offer now,fake
Very useful and works as described,genuine
Product is durable and value for money,genuine
This is a fake review buy now,fake
Smooth performance and good results,genuine
Smooth performance and good results,genuine
Overall a good and reliable product,genuine
Best offer fake review buy fast,fake
This product works well and meets expectations,genuine
Product is durable and value for money,genuine
Worth the price and easy to use,genuine
Spam review buy now best deal,fake
This is a fake review buy now,fake
Best product ever buy now,fake
Good quality and reliable performance,genuine
This is a fake review buy now,fake
Smooth performance and good results,genuine
Cheap price free delivery offer,fake
Cheap price free delivery offer,fake
Good quality and reliable performance,genuine
Product quality is good for daily use,genuine
Very useful and works as described,genuine
Overall a good and reliable product,genuine
This is a fake review buy now,fake
Good quality and reliable performance,genuine
Overall a good and reliable product,genuine
This product works well and meets expectations,genuine
Cheap price free delivery offer,fake
Free delivery cheap offer now,fake
Good quality and reliable performance,genuine
This product works well and meets expectations,genuine
Buy now cheap offer best product,fake
Spam review buy now best deal,fake
Amazing product buy now discount,fake
This is a fake review buy now,fake
Best offer fake review buy fast,fake
Free delivery cheap offer now,fake
Free delivery cheap offer now,fake
Best product ever buy now,fake
Amazing product buy now discount,fake
Spam review buy now best deal,fake
Satisfied with the purchase and delivery,genuine
Overall a good and reliable product,genuine
Product is durable and value for money,genuine
Limited time offer buy fast,fake
Overall a good and reliable product,genuine
Buy now cheap offer best product,fake
Amazing product buy now discount,fake
Smooth performance and good results,genuine
Happy with the build quality and performance,genuine
Limited time offer buy fast,fake
Worth the price and easy to use,genuine
Overall a good and reliable product,genuine
Overall a good and reliable product,genuine
Amazing product buy now discount,fake
Product is durable and value for money,genuine
Hurry up limited stock cheap deal,fake
Limited time offer buy fast,fake
Limited time offer buy fast,fake
Product quality is good for daily use,genuine
Product quality is good for daily use,genuine
Happy with the build quality and performance,genuine
Happy with the build quality and performance,genuine
Best product ever buy now,fake
Happy with the build quality and performance,genuine
Satisfied with the purchase and delivery,genuine
This product works well and meets expectations,genuine
Buy now cheap offer best product,fake
Worth the price and easy to use,genuine
This is a fake review buy now,fake
Product is durable and value for money,genuine
Worth the price and easy to use,genuine
Satisfied with the purchase and delivery,genuine
Buy now cheap offer best product,fake
Hurry up limited stock cheap deal,fake
Best product ever buy now,fake
This product works well and meets expectations,genuine
Best product ever buy now,fake
Product is durable and value for money,genuine
Satisfied with the purchase and delivery,genuine
Limited time offer buy fast,fake
Smooth performance and good results,genuine
Worth the price and easy to use,genuine
Buy now cheap offer best product,fake
Amazing product buy now discount,fake
Free delivery cheap offer now,fake
Best offer fake review buy fast,fake
Good quality and reliable performance,genuine
Product is durable and value for money,genuine
Best offer fake review buy fast,fake
This is a fake review buy now,fake
Smooth performance and good results,genuine
Free delivery cheap offer now,fake
